{
  "$schema": "https://raw.githubusercontent.com/grafana/grafana/master/docs/sources/developers/plugins/plugin.schema.json",
  "type": "panel",
  "name": "Astro",
  "id": "rocket-communications-astro",
  "info": {
    "description": "An Astro UXDS theme for Grafana dashboards.",
    "author": {
      "name": "Micah Jones",
      "url": "https://www.astrouxds.com"
    },
    "keywords": ["Theme", "Astro", "UI", "UX", "Space Force"],
    "logos": {
      "small": "img/logo.svg",
      "large": "img/logo.svg"
    },
    "links": [
      {
        "name": "Website",
        "url": "https://github.com/grafana/grafana-starter-panel"
      },
      {
        "name": "License",
        "url": "https://github.com/grafana/grafana-starter-panel/blob/master/LICENSE"
      }
    ],
    "screenshots": [],
    "version": "1.0.0",
    "updated": "2022-11-08"
  },
  "dependencies": {
    "grafanaDependency": ">=7.0.0",
    "plugins": []
  }
}
