{
  "$schema": "https://raw.githubusercontent.com/grafana/grafana/master/docs/sources/developers/plugins/plugin.schema.json",
  "type": "panel",
  "name": "Astro Theme",
  "id": "rocketcom-astrotheme-panel",
  "skipDataQuery": true,
  "info": {
    "description": "An Astro UXDS theme for Grafana dashboards.",
    "author": {
      "name": "Micah Jones",
      "url": "https://www.astrouxds.com"
    },
    "keywords": ["Theme", "Astro", "UI", "UX", "Space Force"],
    "logos": {
      "small": "img/astro-logo.svg",
      "large": "img/astro-logo.svg"
    },
    "links": [
      {
        "name": "Website",
        "url": "https://github.com/RocketCommunicationsInc/grafana-theme"
      },
      {
        "name": "License",
        "url": "https://github.com/RocketCommunicationsInc/grafana-theme/blob/main/LICENSE"
      }
    ],
    "screenshots": [
      {
        "name": "Panel with clock and theme picker",
        "path": "img/screenshots/full.png"
      },
      {
        "name": "Light theme panel with clock and theme picker",
        "path": "img/screenshots/full-light-theme.png"
      },
      {
        "name": "Creating Astro Theme panel",
        "path": "img/screenshots/NewPanelMenu.png"
      },
      {
        "name": "Panel next to themed nav",
        "path": "img/screenshots/PanelNextToNav.png"
      }
    ],
    "version": "1.1.0",
    "updated": "2024-12-15"
  },
  "dependencies": {
    "grafanaDependency": ">=9.1.6",
    "plugins": []
  }
}
